{"total":32,"maxAge":37,"avgAge":26.9630,"minAge":24,"data":[{"city":null,"age":null,"gender":0,"dept_id":"rs","email":null,"position_name":null,"salary":null,"createtime":"2015-07-17T14:55:14","school":null,"name":"New Row","educational_name":null,"married":null,"educational":null,"id":"5a439d79-7830-47de-b1ad-17006bca49b1","birthday":null,"country":null,"position":null,"loginname":null,"remarks":null,"dept_name":"人事部"},{"city":null,"age":null,"gender":0,"dept_id":"rs","email":null,"position_name":null,"salary":null,"createtime":"2015-07-17T14:55:14","school":null,"name":"New Row","educational_name":null,"married":null,"educational":null,"id":"57a53997-d7fe-4262-90d9-974ed014dfd1","birthday":null,"country":null,"position":null,"loginname":null,"remarks":null,"dept_name":"人事部"},{"city":null,"age":null,"gender":0,"dept_id":"rs","email":null,"position_name":null,"salary":null,"createtime":"2015-07-17T14:55:14","school":null,"name":"New Row","educational_name":null,"married":null,"educational":null,"id":"8a605a71-c910-4533-a3c3-72719dc834c7","birthday":null,"country":null,"position":null,"loginname":null,"remarks":null,"dept_name":"人事部"},{"city":null,"age":null,"gender":0,"dept_id":"rs","email":null,"position_name":null,"salary":null,"createtime":"2015-07-17T14:55:14","school":null,"name":"New Row","educational_name":null,"married":null,"educational":null,"id":"31c1a3ba-7790-4d09-a5fb-c130261ec449","birthday":null,"country":null,"position":null,"loginname":null,"remarks":null,"dept_name":"人事部"},{"city":null,"age":null,"gender":0,"dept_id":"rs","email":null,"position_name":null,"salary":null,"createtime":"2015-07-17T14:55:14","school":null,"name":"New Row","educational_name":null,"married":null,"educational":null,"id":"a7763828-cfd6-47ae-b1cb-b700cc18bb8e","birthday":null,"country":null,"position":null,"loginname":null,"remarks":null,"dept_name":"人事部"},{"city":"","age":25,"gender":1,"dept_id":"js","email":null,"position_name":"前端工程师","salary":"3230","createtime":"2012-01-31T14:04:24","school":"南京邮电学院","name":"张鹏楠","educational_name":"本科","married":0,"educational":"2","id":"54b12a07-1f7d-4616-b3e9-9dcc465a5f33","birthday":"1987-06-12T00:00:00","country":"","position":"js3","loginname":"13625147852@163.com","remarks":"23432424","dept_name":"技术部"},{"city":"","age":25,"gender":2,"dept_id":"cw","email":"19880141x@qq.com","position_name":"出纳","salary":"3100","createtime":"2012-01-31T11:10:47","school":"合肥学院","name":"薛乃馨","educational_name":"本科","married":0,"educational":"2","id":"a46d28db-c484-4e58-9076-166cb957a152","birthday":"1987-01-20T00:00:00","country":"","position":"cw3","loginname":"19880141x@qq.com","remarks":"","dept_name":"财务部"},{"city":"","age":24,"gender":1,"dept_id":"sc","email":null,"position_name":null,"salary":"3333","createtime":"2015-07-17T14:03:04","school":"","name":"New Row","educational_name":null,"married":0,"educational":"","id":"d1e65f4d-cf65-468e-bc9b-2e1acbd1cbd4","birthday":"2015-07-15T00:00:00","country":"","position":"","loginname":"23411sss","remarks":"","dept_name":"市场部"},{"city":"","age":24,"gender":1,"dept_id":"cw","email":"chenjie1866@qq.com","position_name":"出纳","salary":"3000","createtime":"2012-01-31T11:10:38","school":"徐州工程大学","name":"陈杰","educational_name":"本科","married":0,"educational":"2","id":"d4d7b386-5030-4ef8-882f-0aa869217121","birthday":"1988-10-12T00:00:00","country":"","position":"cw3","loginname":"chenjie1866@qq.com","remarks":"","dept_name":"财务部"},{"city":"","age":28,"gender":1,"dept_id":"js","email":"djf19830326@qq.com","position_name":"后台工程师","salary":"5300","createtime":"2012-01-31T13:28:29","school":"南京理工大学","name":"杜鉴锋","educational_name":"本科","married":1,"educational":"2","id":"9252b4a2-8000-4b3e-b29a-ac7849163ca2","birthday":"1984-11-08T00:00:00","country":"","position":"js2","loginname":"djf19830326@qq.com","remarks":"","dept_name":"技术部"}]}